{
  "project_info": {
    "project_number": "67576015805",
    "project_id": "chat-app-38007",
    "storage_bucket": "chat-app-38007.appspot.com"
  },
  "client": [
    {
      "client_info": {
        "mobilesdk_app_id": "1:67576015805:android:c1d26f6741a81ccf6440d4",
        "android_client_info": {
          "package_name": "com.example.chatapp"
        }
      },
      "oauth_client": [
        {
          "client_id": "67576015805-rk6ei0hpdbs7dn1l56bc5789nr81b9hc.apps.googleusercontent.com",
          "client_type": 3
        }
      ],
      "api_key": [
        {
          "current_key": "AIzaSyD3rFiM3ur41xc55T0mlWJVNz754JPq3N0"
        }
      ],
      "services": {
        "appinvite_service": {
          "other_platform_oauth_client": [
            {
              "client_id": "67576015805-rk6ei0hpdbs7dn1l56bc5789nr81b9hc.apps.googleusercontent.com",
              "client_type": 3
            }
          ]
        }
      }
    }
  ],
  "configuration_version": "1"
}